{"cameraMode":{"drawMode":0,"name":"Shaded","section":"Shading Mode"},"sceneLighting":true,"audioPlay":false,"sceneViewState":{"showFog":true,"showMaterialUpdate":false,"showSkybox":true,"showFlares":true,"showImageEffects":true,"showParticleSystems":true},"in2DMode":false,"pivot":{"x":308.1851806640625,"y":419.8901672363281,"z":48.848236083984378},"rotation":{"x":0.06176856905221939,"y":0.007480974774807692,"z":-0.00046284261043183506,"w":0.9980626702308655},"size":756.219482421875,"orthographic":false}